{"info":{"year":"2024","version":"3","description":"Exported from roboflow.com","contributor":"","url":"https://public.roboflow.com/object-detection/undefined","date_created":"2024-09-22T13:13:24+00:00"},"licenses":[{"id":1,"url":"https://creativecommons.org/licenses/by/4.0/","name":"CC BY 4.0"}],"categories":[{"id":0,"name":"icons","supercategory":"none"},{"id":1,"name":"chrome","supercategory":"icons"},{"id":2,"name":"discord","supercategory":"icons"},{"id":3,"name":"spotify","supercategory":"icons"}],"images":[{"id":0,"license":1,"file_name":"4_png.rf.1e469c7e45fe94acb0e644ec817ac405.jpg","height":640,"width":640,"date_captured":"2024-09-22T13:13:24+00:00"},{"id":1,"license":1,"file_name":"41_png.rf.a39f512281c78dee80fd50d1f05dfeeb.jpg","height":640,"width":640,"date_captured":"2024-09-22T13:13:24+00:00"},{"id":2,"license":1,"file_name":"10_png.rf.a9c1163e5c1759ffae603219ff0364bb.jpg","height":640,"width":640,"date_captured":"2024-09-22T13:13:24+00:00"},{"id":3,"license":1,"file_name":"47_png.rf.8a4c763b71ba133c090797badff712ec.jpg","height":640,"width":640,"date_captured":"2024-09-22T13:13:24+00:00"},{"id":4,"license":1,"file_name":"2_png.rf.22dfbd131cab9f80303f346f75116aca.jpg","height":640,"width":640,"date_captured":"2024-09-22T13:13:24+00:00"},{"id":5,"license":1,"file_name":"14_png.rf.1d5664f30931694ff001248efc646fba.jpg","height":640,"width":640,"date_captured":"2024-09-22T13:13:24+00:00"},{"id":6,"license":1,"file_name":"13_png.rf.6183a6c056681be9684bfb7eddd495d2.jpg","height":640,"width":640,"date_captured":"2024-09-22T13:13:24+00:00"},{"id":7,"license":1,"file_name":"21_png.rf.37b6832a62f20c7b1b04362fa144f0f7.jpg","height":640,"width":640,"date_captured":"2024-09-22T13:13:24+00:00"},{"id":8,"license":1,"file_name":"15_png.rf.bc8d7216c64ec09768922947dcc5d1e4.jpg","height":640,"width":640,"date_captured":"2024-09-22T13:13:24+00:00"},{"id":9,"license":1,"file_name":"17_png.rf.982f0e37184c3cdda507afc54972edfd.jpg","height":640,"width":640,"date_captured":"2024-09-22T13:13:24+00:00"},{"id":10,"license":1,"file_name":"31_png.rf.6b5dc383eed9d04833469ec3532c865e.jpg","height":640,"width":640,"date_captured":"2024-09-22T13:13:24+00:00"},{"id":11,"license":1,"file_name":"26_png.rf.a6330a14aa3b95d087263f30974e9cc6.jpg","height":640,"width":640,"date_captured":"2024-09-22T13:13:24+00:00"},{"id":12,"license":1,"file_name":"29_png.rf.ae168b59ade54bea4d70293be38892b2.jpg","height":640,"width":640,"date_captured":"2024-09-22T13:13:24+00:00"},{"id":13,"license":1,"file_name":"51_png.rf.39e08cb9bf78f80567dab65eaf7c5b03.jpg","height":640,"width":640,"date_captured":"2024-09-22T13:13:24+00:00"},{"id":14,"license":1,"file_name":"42_png.rf.2e767230e3731067004dc5fdabc8b1c4.jpg","height":640,"width":640,"date_captured":"2024-09-22T13:13:24+00:00"},{"id":15,"license":1,"file_name":"38_png.rf.7d67443e3346a0ac865536edefe02e52.jpg","height":640,"width":640,"date_captured":"2024-09-22T13:13:24+00:00"},{"id":16,"license":1,"file_name":"16_png.rf.0c625a5e9001fb9a313a20cd1c418584.jpg","height":640,"width":640,"date_captured":"2024-09-22T13:13:24+00:00"},{"id":17,"license":1,"file_name":"7_png.rf.8d37c12b64d9933e1e970b22e8facedb.jpg","height":640,"width":640,"date_captured":"2024-09-22T13:13:24+00:00"},{"id":18,"license":1,"file_name":"44_png.rf.8f4a1d0b4864eea4e4956ea28c9385d3.jpg","height":640,"width":640,"date_captured":"2024-09-22T13:13:24+00:00"},{"id":19,"license":1,"file_name":"28_png.rf.4072a13a98bbb7354d5841f9f01539b2.jpg","height":640,"width":640,"date_captured":"2024-09-22T13:13:24+00:00"},{"id":20,"license":1,"file_name":"5_png.rf.c307522685aa4764c3083b0a5ec16697.jpg","height":640,"width":640,"date_captured":"2024-09-22T13:13:24+00:00"},{"id":21,"license":1,"file_name":"24_png.rf.dd5e7a9a0937645c2bc9b64f6b5f293c.jpg","height":640,"width":640,"date_captured":"2024-09-22T13:13:24+00:00"},{"id":22,"license":1,"file_name":"23_png.rf.eec91b403e3ad14c8490bda16ef4ce9b.jpg","height":640,"width":640,"date_captured":"2024-09-22T13:13:24+00:00"},{"id":23,"license":1,"file_name":"46_png.rf.ff1a236ed2a1bb535427a119ed66914d.jpg","height":640,"width":640,"date_captured":"2024-09-22T13:13:24+00:00"},{"id":24,"license":1,"file_name":"34_png.rf.ea4ed69fd55cea5840333a4053198c91.jpg","height":640,"width":640,"date_captured":"2024-09-22T13:13:24+00:00"},{"id":25,"license":1,"file_name":"18_png.rf.d7700e9fa4a65a9557121f432949c2e3.jpg","height":640,"width":640,"date_captured":"2024-09-22T13:13:24+00:00"},{"id":26,"license":1,"file_name":"35_png.rf.e0140459c2ec3e20c096cfcfe3f08689.jpg","height":640,"width":640,"date_captured":"2024-09-22T13:13:24+00:00"},{"id":27,"license":1,"file_name":"8_png.rf.eaeef6e29116e9586201bf59847a62cd.jpg","height":640,"width":640,"date_captured":"2024-09-22T13:13:24+00:00"},{"id":28,"license":1,"file_name":"22_png.rf.deb0100b7af87fea19e2cbe7d6dcd149.jpg","height":640,"width":640,"date_captured":"2024-09-22T13:13:24+00:00"},{"id":29,"license":1,"file_name":"20_png.rf.f707bfca21dabdc952f11d50044da99f.jpg","height":640,"width":640,"date_captured":"2024-09-22T13:13:24+00:00"},{"id":30,"license":1,"file_name":"19_png.rf.dc3c77fab5c9113797722daeecea99b3.jpg","height":640,"width":640,"date_captured":"2024-09-22T13:13:24+00:00"},{"id":31,"license":1,"file_name":"27_png.rf.f3ed366694e69471201547468f7597b9.jpg","height":640,"width":640,"date_captured":"2024-09-22T13:13:24+00:00"},{"id":32,"license":1,"file_name":"43_png.rf.ed56f857d898d1dc9cf9f86c37838c75.jpg","height":640,"width":640,"date_captured":"2024-09-22T13:13:24+00:00"},{"id":33,"license":1,"file_name":"50_png.rf.f3440ebddade784a144bcf19d8ba76b4.jpg","height":640,"width":640,"date_captured":"2024-09-22T13:13:24+00:00"},{"id":34,"license":1,"file_name":"33_png.rf.f40c84334eb01d0a4abf99f3a78a32a6.jpg","height":640,"width":640,"date_captured":"2024-09-22T13:13:24+00:00"}],"annotations":[{"id":0,"image_id":0,"category_id":3,"bbox":[50,91,133.5,249],"area":33241.5,"segmentation":[],"iscrowd":0},{"id":1,"image_id":1,"category_id":3,"bbox":[11,97,39.5,77],"area":3041.5,"segmentation":[],"iscrowd":0},{"id":2,"image_id":1,"category_id":3,"bbox":[270,97,41,80.5],"area":3300.5,"segmentation":[],"iscrowd":0},{"id":3,"image_id":2,"category_id":1,"bbox":[150,275,51.5,143],"area":7364.5,"segmentation":[],"iscrowd":0},{"id":4,"image_id":3,"category_id":3,"bbox":[265,312,15.5,26],"area":403,"segmentation":[],"iscrowd":0},{"id":5,"image_id":3,"category_id":2,"bbox":[404,615,11,21.5],"area":236.5,"segmentation":[],"iscrowd":0},{"id":6,"image_id":4,"category_id":3,"bbox":[90,99,82,118.5],"area":9717,"segmentation":[],"iscrowd":0},{"id":7,"image_id":5,"category_id":2,"bbox":[420,141,71.5,63],"area":4504.5,"segmentation":[],"iscrowd":0},{"id":8,"image_id":5,"category_id":2,"bbox":[33,169,25,25.5],"area":637.5,"segmentation":[],"iscrowd":0},{"id":9,"image_id":5,"category_id":3,"bbox":[289,610,25,23],"area":575,"segmentation":[],"iscrowd":0},{"id":10,"image_id":5,"category_id":1,"bbox":[358,612,28,25.5],"area":714,"segmentation":[],"iscrowd":0},{"id":11,"image_id":5,"category_id":2,"bbox":[430,608,33,29.5],"area":973.5,"segmentation":[],"iscrowd":0},{"id":12,"image_id":6,"category_id":2,"bbox":[544,497,42.5,115.5],"area":4908.75,"segmentation":[],"iscrowd":0},{"id":13,"image_id":6,"category_id":3,"bbox":[376,510,39,107.5],"area":4192.5,"segmentation":[],"iscrowd":0},{"id":14,"image_id":6,"category_id":2,"bbox":[427,201,50,106.5],"area":5325,"segmentation":[],"iscrowd":0},{"id":15,"image_id":7,"category_id":3,"bbox":[157,519,61,104.5],"area":6374.5,"segmentation":[],"iscrowd":0},{"id":16,"image_id":8,"category_id":1,"bbox":[191,514,40,109],"area":4360,"segmentation":[],"iscrowd":0},{"id":17,"image_id":9,"category_id":2,"bbox":[426,349,25,36],"area":900,"segmentation":[],"iscrowd":0},{"id":18,"image_id":9,"category_id":1,"bbox":[431,604,15,30.5],"area":457.5,"segmentation":[],"iscrowd":0},{"id":19,"image_id":9,"category_id":2,"bbox":[477,604,18,35.5],"area":639,"segmentation":[],"iscrowd":0},{"id":20,"image_id":9,"category_id":3,"bbox":[495,603,15,30.5],"area":457.5,"segmentation":[],"iscrowd":0},{"id":21,"image_id":10,"category_id":2,"bbox":[302,92,38,68.5],"area":2603,"segmentation":[],"iscrowd":0},{"id":22,"image_id":10,"category_id":3,"bbox":[386,237,35.5,70.5],"area":2502.75,"segmentation":[],"iscrowd":0},{"id":23,"image_id":11,"category_id":1,"bbox":[328,197,55,81.5],"area":4482.5,"segmentation":[],"iscrowd":0},{"id":24,"image_id":11,"category_id":1,"bbox":[463,602,17,26],"area":442,"segmentation":[],"iscrowd":0},{"id":25,"image_id":12,"category_id":2,"bbox":[61,346,25,45.5],"area":1137.5,"segmentation":[],"iscrowd":0},{"id":26,"image_id":12,"category_id":2,"bbox":[485,302,65.5,104.5],"area":6844.75,"segmentation":[],"iscrowd":0},{"id":27,"image_id":12,"category_id":2,"bbox":[65,549,20,39.5],"area":790,"segmentation":[],"iscrowd":0},{"id":28,"image_id":12,"category_id":2,"bbox":[64,486,21.5,40],"area":860,"segmentation":[],"iscrowd":0},{"id":29,"image_id":13,"category_id":2,"bbox":[451,357,24,50.5],"area":1212,"segmentation":[],"iscrowd":0},{"id":30,"image_id":14,"category_id":2,"bbox":[196,132,22,32],"area":704,"segmentation":[],"iscrowd":0},{"id":31,"image_id":14,"category_id":2,"bbox":[236,260,17.5,33],"area":577.5,"segmentation":[],"iscrowd":0},{"id":32,"image_id":14,"category_id":2,"bbox":[59,446,26,38.5],"area":1001,"segmentation":[],"iscrowd":0},{"id":33,"image_id":14,"category_id":1,"bbox":[57,257,29.5,47.5],"area":1401.25,"segmentation":[],"iscrowd":0},{"id":34,"image_id":15,"category_id":1,"bbox":[199,608,13.5,24],"area":324,"segmentation":[],"iscrowd":0},{"id":35,"image_id":15,"category_id":3,"bbox":[397,605,16.5,27],"area":445.5,"segmentation":[],"iscrowd":0},{"id":36,"image_id":15,"category_id":2,"bbox":[59,606,15.5,27.5],"area":426.25,"segmentation":[],"iscrowd":0},{"id":37,"image_id":16,"category_id":1,"bbox":[432,606,13,25.5],"area":331.5,"segmentation":[],"iscrowd":0},{"id":38,"image_id":16,"category_id":2,"bbox":[479,610,13.5,24],"area":324,"segmentation":[],"iscrowd":0},{"id":39,"image_id":16,"category_id":3,"bbox":[496,608,13.5,25],"area":337.5,"segmentation":[],"iscrowd":0},{"id":40,"image_id":17,"category_id":1,"bbox":[52,113,236,417.5],"area":98530,"segmentation":[],"iscrowd":0},{"id":41,"image_id":18,"category_id":3,"bbox":[271,363,19.5,25],"area":487.5,"segmentation":[],"iscrowd":0},{"id":42,"image_id":18,"category_id":2,"bbox":[31,312,20.5,22.5],"area":461.25,"segmentation":[],"iscrowd":0},{"id":43,"image_id":19,"category_id":2,"bbox":[80,486,73,77.5],"area":5657.5,"segmentation":[],"iscrowd":0},{"id":44,"image_id":20,"category_id":3,"bbox":[216,58,65.5,114.5],"area":7499.75,"segmentation":[],"iscrowd":0},{"id":45,"image_id":21,"category_id":3,"bbox":[372,391,35.5,214.5],"area":7614.75,"segmentation":[],"iscrowd":0},{"id":46,"image_id":22,"category_id":1,"bbox":[381,265,94.5,205.5],"area":19419.75,"segmentation":[],"iscrowd":0},{"id":47,"image_id":23,"category_id":1,"bbox":[521,258,76.5,28.5],"area":2180.25,"segmentation":[],"iscrowd":0},{"id":48,"image_id":23,"category_id":2,"bbox":[50,390,70,35.5],"area":2485,"segmentation":[],"iscrowd":0},{"id":49,"image_id":24,"category_id":3,"bbox":[446,180,20.5,54.5],"area":1117.25,"segmentation":[],"iscrowd":0},{"id":50,"image_id":25,"category_id":1,"bbox":[77,172,93,167.5],"area":15577.5,"segmentation":[],"iscrowd":0},{"id":51,"image_id":25,"category_id":2,"bbox":[286,168,72,152],"area":10944,"segmentation":[],"iscrowd":0},{"id":52,"image_id":25,"category_id":3,"bbox":[472,158,94,191.5],"area":18001,"segmentation":[],"iscrowd":0},{"id":53,"image_id":26,"category_id":1,"bbox":[47,78,57,134],"area":7638,"segmentation":[],"iscrowd":0},{"id":54,"image_id":26,"category_id":3,"bbox":[421,72,59.5,141.5],"area":8419.25,"segmentation":[],"iscrowd":0},{"id":55,"image_id":27,"category_id":1,"bbox":[152,347,122.5,217],"area":26582.5,"segmentation":[],"iscrowd":0},{"id":56,"image_id":27,"category_id":1,"bbox":[387,330,132.5,244.5],"area":32396.25,"segmentation":[],"iscrowd":0},{"id":57,"image_id":28,"category_id":1,"bbox":[125,556,43,75.5],"area":3246.5,"segmentation":[],"iscrowd":0},{"id":58,"image_id":29,"category_id":1,"bbox":[432,608,14.5,29.5],"area":427.75,"segmentation":[],"iscrowd":0},{"id":59,"image_id":29,"category_id":2,"bbox":[479,604,14.5,31.5],"area":456.75,"segmentation":[],"iscrowd":0},{"id":60,"image_id":29,"category_id":3,"bbox":[493,605,16.5,33],"area":544.5,"segmentation":[],"iscrowd":0},{"id":61,"image_id":30,"category_id":1,"bbox":[430,605,17.5,33],"area":577.5,"segmentation":[],"iscrowd":0},{"id":62,"image_id":30,"category_id":2,"bbox":[478,606,15.5,26.5],"area":410.75,"segmentation":[],"iscrowd":0},{"id":63,"image_id":30,"category_id":3,"bbox":[495,606,16,28.5],"area":456,"segmentation":[],"iscrowd":0},{"id":64,"image_id":31,"category_id":3,"bbox":[389,568,39.5,69],"area":2725.5,"segmentation":[],"iscrowd":0},{"id":65,"image_id":31,"category_id":1,"bbox":[36,610,14,26],"area":364,"segmentation":[],"iscrowd":0},{"id":66,"image_id":32,"category_id":1,"bbox":[257,210,144.5,249.5],"area":36052.75,"segmentation":[],"iscrowd":0},{"id":67,"image_id":33,"category_id":1,"bbox":[10,57,24,38],"area":912,"segmentation":[],"iscrowd":0},{"id":68,"image_id":33,"category_id":1,"bbox":[494,99,81.5,113.5],"area":9250.25,"segmentation":[],"iscrowd":0},{"id":69,"image_id":33,"category_id":1,"bbox":[499,223,56.5,95],"area":5367.5,"segmentation":[],"iscrowd":0},{"id":70,"image_id":34,"category_id":3,"bbox":[278,211,74.5,172.5],"area":12851.25,"segmentation":[],"iscrowd":0},{"id":71,"image_id":34,"category_id":2,"bbox":[26,213,63.5,137.5],"area":8731.25,"segmentation":[],"iscrowd":0}]}